notebook,key_,value_
data_grab,ehr_save,v8_ehr
data_grab,no_ehr_save,v8_no_ehr
data_grab,zip_code_file,zip_code
data_grab,person_activity_summ_file,person_level_activity_summary_stats
data_grab,followup_heartrate_file,followup_summary_heart_rate
data_grab,dates_hr_file,dates_hr_per_person
data_grab,person_stats_file,all_person_stats
qc_ingestion,ehr_save,v8_ehr
qc_ingestion,no_ehr_save,v8_no_ehr
qc_ingestion,folder_ingest_ehr,ingested_with_ehr
qc_ingestion,folder_ingest_no_ehr,ingested_without_ehr
trends_calculation,person_stats_file,all_person_stats
trends_calculation,followup_heartrate_file,followup_summary_heart_rate
trends_calculation,folder_ingest_ehr,ingested_with_ehr
trends_calculation,folder_ingest_no_ehr,ingested_without_ehr
trends_calculation,trends_save,trends_activity
trends_figures,followup_heartrate_file,followup_summary_heart_rate
trends_figures,person_agg_summ_stats,per_person_agg_summary_stats
trends_figures,zip_code_file,zip_code
trends_figures,us_zips_file,uszips
trends_figures,person_activity_summ_file,person_level_activity_summary_stats
trends_figures,trends_save,trends_activity
trends_figures,trends_save_avg,trends_activity_averages.json
trends_figures,trends_save_avg_stratify,trends_activity_stratified_data_averages_qc.json
trends_figures,person_stats_file,all_person_stats
qc_ingestion,sleep_import,sleep_files
